{
  "best_chromosome": [
    1,
    1,
    1,
    1,
    1,
    0,
    1,
    1,
    0,
    1,
    1,
    1,
    0,
    0,
    0,
    1,
    0,
    0,
    0,
    0,
    0,
    1,
    1,
    1,
    0,
    1,
    1,
    1,
    1,
    0,
    1,
    0,
    1,
    1,
    0,
    1,
    0,
    0,
    0,
    1,
    0,
    1,
    0,
    0,
    0,
    1,
    0,
    1,
    1,
    0,
    1,
    1,
    1,
    1,
    1,
    0,
    1,
    0,
    0,
    1,
    1,
    0,
    1,
    1,
    1,
    1,
    1,
    1,
    1,
    0,
    1,
    0,
    0,
    0,
    1,
    0,
    0,
    0,
    1,
    0,
    1,
    1,
    1,
    0,
    1,
    0,
    0,
    1,
    0,
    0,
    1,
    0,
    0,
    0,
    1,
    0,
    0,
    0,
    1,
    0,
    0,
    1,
    0,
    1,
    1,
    1,
    0,
    1,
    1,
    0,
    1,
    1,
    0,
    0,
    0,
    1,
    1,
    1,
    0,
    0,
    1,
    0,
    0,
    0,
    1,
    1,
    1,
    0,
    0,
    1,
    0,
    0,
    0,
    0,
    0,
    1,
    1,
    0,
    1,
    0,
    0,
    0,
    1,
    0,
    0,
    0,
    0,
    1,
    1,
    1,
    0,
    1,
    0,
    1,
    0,
    0,
    0,
    0,
    1,
    0,
    0,
    1,
    0,
    0,
    1,
    0,
    0,
    1,
    0,
    1,
    1,
    1,
    1,
    1,
    0,
    0,
    0,
    0,
    1,
    0,
    0,
    1,
    1,
    0,
    1,
    1,
    0,
    1,
    1,
    1,
    0,
    1,
    1,
    1,
    1,
    0,
    1,
    0,
    1,
    0,
    0,
    0,
    1,
    0,
    0,
    1,
    1,
    0,
    1,
    0,
    0,
    1,
    0,
    1,
    0,
    1,
    1,
    1,
    1,
    1,
    0,
    1,
    1,
    0
  ],
  "best_fitness": 0.079021956093872,
  "hist_best": [
    0.08905647378945031,
    0.08788474576179459,
    0.08533198283652375,
    0.08301192991139038,
    0.08039180505014099,
    0.08039180505014099,
    0.08039180505014099,
    0.08039180505014099,
    0.08039180505014099,
    0.08039180505014099,
    0.08039180505014099,
    0.08039180505014099,
    0.08039180505014099,
    0.08039180505014099,
    0.08039180505014099,
    0.08039180505014099,
    0.08039180505014099,
    0.08039180505014099,
    0.08039180505014099,
    0.08039180505014099,
    0.08039180505014099,
    0.08039180505014099,
    0.08039180505014099,
    0.08039180505014099,
    0.08039180505014099,
    0.08039180505014099,
    0.08031038871996657,
    0.08031038871996657,
    0.08031038871996657,
    0.08031038871996657,
    0.08031038871996657,
    0.08031038871996657,
    0.08031038871996657,
    0.08031038871996657,
    0.08031038871996657,
    0.08031038871996657,
    0.079021956093872,
    0.079021956093872,
    0.079021956093872,
    0.079021956093872,
    0.079021956093872,
    0.079021956093872,
    0.079021956093872,
    0.079021956093872,
    0.079021956093872,
    0.079021956093872,
    0.079021956093872,
    0.079021956093872,
    0.079021956093872,
    0.079021956093872
  ],
  "hist_mean": [
    0.1044149127476293,
    0.10279452319887299,
    0.10055883691325812,
    0.09827374245169547,
    0.09701413603063139,
    0.09773522623116516,
    0.09724838871939433,
    0.0976752909450357,
    0.0978676454103838,
    0.09580641031427656,
    0.09439678094490563,
    0.0955915044662305,
    0.09455192145101826,
    0.09741593812026235,
    0.0956461885313089,
    0.09791960871148174,
    0.09722089789330722,
    0.09517932473365041,
    0.09680073867306853,
    0.0968249692976797,
    0.09676166508889007,
    0.09919179928618811,
    0.09860973223531809,
    0.09788029096244487,
    0.09864162491545654,
    0.09529737228630304,
    0.09668146985369883,
    0.09632462023739606,
    0.09616637729018879,
    0.09783191119214617,
    0.09792164898312805,
    0.09713022823563704,
    0.09687877165328221,
    0.09815499092011505,
    0.09508925859292225,
    0.09618490836447435,
    0.09668174703326438,
    0.09751212727090809,
    0.09524395914615476,
    0.09526997857968329,
    0.09666856114263596,
    0.09960157046269193,
    0.0965989563142686,
    0.09595300738799174,
    0.09895576731059977,
    0.09829069872946568,
    0.09844430716625056,
    0.0950030218701125,
    0.09643766627629563,
    0.09627441276219477
  ],
  "hist_nf": [
    112,
    119,
    102,
    124,
    123,
    123,
    123,
    123,
    123,
    123,
    123,
    123,
    123,
    123,
    123,
    123,
    123,
    123,
    123,
    123,
    123,
    123,
    123,
    123,
    123,
    123,
    121,
    121,
    121,
    121,
    121,
    121,
    121,
    121,
    121,
    121,
    114,
    114,
    114,
    114,
    114,
    114,
    114,
    114,
    114,
    114,
    114,
    114,
    114,
    114
  ]
}